<application>
  <component name="FileTypeManager" version="17">
    <ignoreFiles list="*$py.class;*.hprof;*.pyc;*.pyo;*.rbc;*.yarb;*~;.DS_Store;.git;.hg;.svn;CVS;__pycache__;_svn;vssver.scc;vssver2.scc;" />
    <extensionMap>
      <mapping ext="jason" type="JSON" />
      <mapping pattern="hpdp4" type="PLAIN_TEXT" />
      <mapping ext="content" type="PLAIN_TEXT" />
      <mapping ext="df(z)_flat" type="PLAIN_TEXT" />
      <mapping ext="pick" type="PLAIN_TEXT" />
      <mapping ext="headings" type="PLAIN_TEXT" />
    </extensionMap>
  </component>
</application>