<application>
  <component name="ProjectJdkTable">
    <jdk version="2">
      <name value="Python 3.7 (untitled)" />
      <type value="Python SDK" />
      <version value="Python 3.7.3" />
      <homePath value="C:\ProgramData\Anaconda3\envs\untitled\python.exe" />
      <roots>
        <classPath>
          <root type="composite">
            <root url="file://C:/ProgramData/Anaconda3/envs/untitled/DLLs" type="simple" />
            <root url="file://C:/ProgramData/Anaconda3/envs/untitled/Lib" type="simple" />
            <root url="file://C:/ProgramData/Anaconda3/envs/untitled" type="simple" />
            <root url="file://C:/ProgramData/Anaconda3/envs/untitled/Lib/site-packages" type="simple" />
            <root url="file://$USER_HOME$/.PyCharm2019.1/system/python_stubs/1657414689" type="simple" />
            <root url="file://$APPLICATION_HOME_DIR$/helpers/python-skeletons" type="simple" />
            <root url="file://$APPLICATION_HOME_DIR$/helpers/typeshed/stdlib/3" type="simple" />
            <root url="file://$APPLICATION_HOME_DIR$/helpers/typeshed/stdlib/2and3" type="simple" />
            <root url="file://$APPLICATION_HOME_DIR$/helpers/typeshed/third_party/3" type="simple" />
            <root url="file://$APPLICATION_HOME_DIR$/helpers/typeshed/third_party/2and3" type="simple" />
          </root>
        </classPath>
        <sourcePath>
          <root type="composite" />
        </sourcePath>
      </roots>
      <additional ASSOCIATED_PROJECT_PATH="$USER_HOME$/PycharmProjects/untitled" />
    </jdk>
    <jdk version="2">
      <name value="Python 3.7 (specloader)" />
      <type value="Python SDK" />
      <version value="Python 3.7.5" />
      <homePath value="C:\ProgramData\Anaconda3\envs\specloader\python.exe" />
      <roots>
        <classPath>
          <root type="composite">
            <root url="file://C:/ProgramData/Anaconda3/envs/specloader/DLLs" type="simple" />
            <root url="file://C:/ProgramData/Anaconda3/envs/specloader/Lib" type="simple" />
            <root url="file://C:/ProgramData/Anaconda3/envs/specloader" type="simple" />
            <root url="file://C:/ProgramData/Anaconda3/envs/specloader/Lib/site-packages" type="simple" />
            <root url="file://$USER_HOME$/.PyCharm2019.1/system/python_stubs/873377816" type="simple" />
            <root url="file://$APPLICATION_HOME_DIR$/helpers/python-skeletons" type="simple" />
            <root url="file://$APPLICATION_HOME_DIR$/helpers/typeshed/stdlib/3" type="simple" />
            <root url="file://$APPLICATION_HOME_DIR$/helpers/typeshed/stdlib/2and3" type="simple" />
            <root url="file://$APPLICATION_HOME_DIR$/helpers/typeshed/third_party/3" type="simple" />
            <root url="file://$APPLICATION_HOME_DIR$/helpers/typeshed/third_party/2and3" type="simple" />
          </root>
        </classPath>
        <sourcePath>
          <root type="composite" />
        </sourcePath>
      </roots>
      <additional ASSOCIATED_PROJECT_PATH="$USER_HOME$/PycharmProjects/specloader" />
    </jdk>
    <jdk version="2">
      <name value="Python 3.7" />
      <type value="Python SDK" />
      <version value="Python 3.7.5" />
      <homePath value="C:\ProgramData\Anaconda3\envs\defpython37\python.exe" />
      <roots>
        <classPath>
          <root type="composite">
            <root url="file://C:/ProgramData/Anaconda3/envs/defpython37/DLLs" type="simple" />
            <root url="file://C:/ProgramData/Anaconda3/envs/defpython37/Lib" type="simple" />
            <root url="file://C:/ProgramData/Anaconda3/envs/defpython37/Lib/site-packages" type="simple" />
            <root url="file://$USER_HOME$/.PyCharm2019.3/system/python_stubs/1056603379" type="simple" />
            <root url="file://$APPLICATION_HOME_DIR$/plugins/python/helpers/python-skeletons" type="simple" />
            <root url="file://$APPLICATION_HOME_DIR$/plugins/python/helpers/typeshed/stdlib/3" type="simple" />
            <root url="file://$APPLICATION_HOME_DIR$/plugins/python/helpers/typeshed/stdlib/2and3" type="simple" />
            <root url="file://$APPLICATION_HOME_DIR$/plugins/python/helpers/typeshed/third_party/3" type="simple" />
            <root url="file://$APPLICATION_HOME_DIR$/plugins/python/helpers/typeshed/third_party/2and3" type="simple" />
          </root>
        </classPath>
        <sourcePath>
          <root type="composite" />
        </sourcePath>
      </roots>
      <additional />
    </jdk>
    <jdk version="2">
      <name value="Python 3.6" />
      <type value="Python SDK" />
      <version value="Python 3.6.5" />
      <homePath value="C:\ProgramData\Anaconda3\python.exe" />
      <roots>
        <classPath>
          <root type="composite">
            <root url="file://C:/ProgramData/Anaconda3/DLLs" type="simple" />
            <root url="file://C:/ProgramData/Anaconda3/Lib" type="simple" />
            <root url="file://C:/ProgramData/Anaconda3/Lib/site-packages" type="simple" />
            <root url="jar://C:/ProgramData/Anaconda3/Lib/site-packages/Keras-2.2.2-py3.6.egg!/" type="simple" />
            <root url="file://C:/ProgramData/Anaconda3/Lib/site-packages/Keras_Preprocessing-1.0.2-py3.6.egg" type="simple" />
            <root url="file://C:/ProgramData/Anaconda3/Lib/site-packages/Keras_Applications-1.0.4-py3.6.egg" type="simple" />
            <root url="file://C:/ProgramData/Anaconda3/Lib/site-packages/win32" type="simple" />
            <root url="file://C:/ProgramData/Anaconda3/Lib/site-packages/win32/lib" type="simple" />
            <root url="file://C:/ProgramData/Anaconda3/Lib/site-packages/pythonwin" type="simple" />
            <root url="file://$USER_HOME$/.PyCharm2019.2/system/python_stubs/-313451744" type="simple" />
            <root url="file://$APPLICATION_HOME_DIR$/helpers/python-skeletons" type="simple" />
            <root url="file://$APPLICATION_HOME_DIR$/helpers/typeshed/stdlib/3" type="simple" />
            <root url="file://$APPLICATION_HOME_DIR$/helpers/typeshed/stdlib/2and3" type="simple" />
            <root url="file://$APPLICATION_HOME_DIR$/helpers/typeshed/third_party/3" type="simple" />
            <root url="file://$APPLICATION_HOME_DIR$/helpers/typeshed/third_party/2and3" type="simple" />
          </root>
        </classPath>
        <sourcePath>
          <root type="composite" />
        </sourcePath>
      </roots>
      <additional />
    </jdk>
    <jdk version="2">
      <name value="Python 3.8 (def38)" />
      <type value="Python SDK" />
      <version value="Python 3.8.3" />
      <homePath value="$USER_HOME$/anaconda3/envs/def38/bin/python" />
      <roots>
        <classPath>
          <root type="composite">
            <root url="file://$USER_HOME$/anaconda3/envs/def38/lib/python3.8" type="simple" />
            <root url="file://$USER_HOME$/anaconda3/envs/def38/lib/python3.8/lib-dynload" type="simple" />
            <root url="file://$USER_HOME$/.local/lib/python3.8/site-packages" type="simple" />
            <root url="file://$USER_HOME$/anaconda3/envs/def38/lib/python3.8/site-packages" type="simple" />
            <root url="file://$USER_HOME$/.cache/JetBrains/PyCharm2020.1/python_stubs/-103135508" type="simple" />
            <root url="file://$APPLICATION_HOME_DIR$/plugins/python/helpers/python-skeletons" type="simple" />
            <root url="file://$APPLICATION_HOME_DIR$/plugins/python/helpers/typeshed/stdlib/3.7" type="simple" />
            <root url="file://$APPLICATION_HOME_DIR$/plugins/python/helpers/typeshed/stdlib/3" type="simple" />
            <root url="file://$APPLICATION_HOME_DIR$/plugins/python/helpers/typeshed/stdlib/2and3" type="simple" />
            <root url="file://$APPLICATION_HOME_DIR$/plugins/python/helpers/typeshed/third_party/3" type="simple" />
            <root url="file://$APPLICATION_HOME_DIR$/plugins/python/helpers/typeshed/third_party/2and3" type="simple" />
          </root>
        </classPath>
        <sourcePath>
          <root type="composite" />
        </sourcePath>
      </roots>
      <additional />
    </jdk>
  </component>
</application>